sample_id	cluster_id	size	mean	std
SRR385938	0	32	0.08098242127033796	0.002977631928636432
SRR385938	1	52	0.6199964222853047	0.0025097268316833636
SRR385938	2	38	0.010000000000015453	9.53753439163046e-09
SRR385938	3	5	0.4512726379888271	0.12859771227885228
SRR385938	4	6	0.2660170510001702	0.010432654194662425
SRR385938	5	1	0.32281028815947793	0.09623762956511406
